-- phpMyAdmin SQL Dump
-- version 5.0.3
-- https://www.phpmyadmin.net/
--
-- Host: 127.0.0.1
-- Generation Time: Feb 17, 2021 at 11:46 AM
-- Server version: 10.4.14-MariaDB
-- PHP Version: 7.4.11

SET SQL_MODE = "NO_AUTO_VALUE_ON_ZERO";
START TRANSACTION;
SET time_zone = "+00:00";


/*!40101 SET @OLD_CHARACTER_SET_CLIENT=@@CHARACTER_SET_CLIENT */;
/*!40101 SET @OLD_CHARACTER_SET_RESULTS=@@CHARACTER_SET_RESULTS */;
/*!40101 SET @OLD_COLLATION_CONNECTION=@@COLLATION_CONNECTION */;
/*!40101 SET NAMES utf8mb4 */;

--
-- Database: `db_elearning`
--

-- --------------------------------------------------------

--
-- Table structure for table `tblautonumbers`
--

CREATE TABLE `tblautonumbers` (
  `AUTOID` int(11) NOT NULL,
  `AUTOSTART` varchar(30) NOT NULL,
  `AUTOEND` int(11) NOT NULL,
  `AUTOINC` int(11) NOT NULL,
  `AUTOKEY` varchar(30) NOT NULL
) ENGINE=InnoDB DEFAULT CHARSET=latin1;

--
-- Dumping data for table `tblautonumbers`
--

INSERT INTO `tblautonumbers` (`AUTOID`, `AUTOSTART`, `AUTOEND`, `AUTOINC`, `AUTOKEY`) VALUES
(1, '02983', 8, 1, 'userid'),
(10, '000', 7, 1, 'ExerciseID'),
(12, '000', 34, 1, 'BLOGID'),
(13, '0', 5, 1, 'STUDENTID');

-- --------------------------------------------------------

--
-- Table structure for table `tblexercise`
--

CREATE TABLE `tblexercise` (
  `ExerciseID` int(11) NOT NULL,
  `LessonID` int(11) NOT NULL,
  `Question` text NOT NULL,
  `ChoiceA` text NOT NULL,
  `ChoiceB` text NOT NULL,
  `ChoiceC` text NOT NULL,
  `ChoiceD` text NOT NULL,
  `Answer` varchar(90) NOT NULL,
  `ExercisesDate` date NOT NULL
) ENGINE=InnoDB DEFAULT CHARSET=latin1;

--
-- Dumping data for table `tblexercise`
--

INSERT INTO `tblexercise` (`ExerciseID`, `LessonID`, `Question`, `ChoiceA`, `ChoiceB`, `ChoiceC`, `ChoiceD`, `Answer`, `ExercisesDate`) VALUES
(20180001, 6, 'What is the title of the video', 'My Father', 'My Mother', 'My Brother', 'My Sister', 'My Sister', '0000-00-00'),
(20180002, 6, 'Who is the name of the character in the story?', 'Ben', 'Holly', 'Gaston', 'Wise old elf', 'Gaston', '0000-00-00'),
(20210003, 11, 'What is the capital of japan?', 'Tokyo', 'Osaka', 'Kyoto', 'Hiroshima', 'Tokyo', '0000-00-00'),
(20210004, 12, 'How to read ”?” ?', 'A', 'O', 'U', 'E', 'A', '0000-00-00');

-- --------------------------------------------------------

--
-- Table structure for table `tbllesson`
--

CREATE TABLE `tbllesson` (
  `LessonID` int(11) NOT NULL,
  `LessonChapter` varchar(90) NOT NULL,
  `LessonTitle` varchar(90) NOT NULL,
  `FileLocation` text NOT NULL,
  `Category` varchar(90) NOT NULL
) ENGINE=InnoDB DEFAULT CHARSET=latin1;

--
-- Dumping data for table `tbllesson`
--

INSERT INTO `tbllesson` (`LessonID`, `LessonChapter`, `LessonTitle`, `FileLocation`, `Category`) VALUES
(6, 'video', 'video', 'files/Deploy Laravel To Shared Hosting The Easy Way - YouTube.MP4', 'Video'),
(7, 'test', 'test', 'files/s.pdf', 'Docs'),
(11, '1', 'Introduction of Japan', 'files/01_introduction to japan.pdf', 'Docs'),
(12, '2', 'Hiragana Table', 'files/02_ Hiragana Table and Practice Sheets.pdf', 'Docs'),
(13, '3', 'Japanese grammar', 'files/(1) Japanese Grammar Yoroshiku?Greeting Words in Japanese! -.mp4', 'Video');

-- --------------------------------------------------------

--
-- Table structure for table `tblscore`
--

CREATE TABLE `tblscore` (
  `ScoreID` int(11) NOT NULL,
  `LessonID` int(11) NOT NULL,
  `ExerciseID` int(11) NOT NULL,
  `StudentID` int(11) NOT NULL,
  `NoItems` int(11) NOT NULL DEFAULT 1,
  `Score` int(11) NOT NULL,
  `Submitted` tinyint(1) NOT NULL
) ENGINE=InnoDB DEFAULT CHARSET=latin1;

--
-- Dumping data for table `tblscore`
--

INSERT INTO `tblscore` (`ScoreID`, `LessonID`, `ExerciseID`, `StudentID`, `NoItems`, `Score`, `Submitted`) VALUES
(9, 6, 20180001, 1, 1, 1, 1),
(10, 6, 20180002, 1, 1, 1, 1);

-- --------------------------------------------------------

--
-- Table structure for table `tblstudent`
--

CREATE TABLE `tblstudent` (
  `StudentID` int(11) NOT NULL,
  `Fname` varchar(90) NOT NULL,
  `Lname` varchar(90) NOT NULL,
  `Address` varchar(90) NOT NULL,
  `MobileNo` varchar(90) NOT NULL,
  `STUDUSERNAME` varchar(90) NOT NULL,
  `STUDPASS` varchar(90) NOT NULL
) ENGINE=InnoDB DEFAULT CHARSET=latin1;

--
-- Dumping data for table `tblstudent`
--

INSERT INTO `tblstudent` (`StudentID`, `Fname`, `Lname`, `Address`, `MobileNo`, `STUDUSERNAME`, `STUDPASS`) VALUES
(1, 'a', 'a', 'a', '21', 'a', '86f7e437faa5a7fce15d1ddcb9eaeaea377667b8'),
(2, 'sd', 'sad', 'sad', '231', 'a', 'a0f1490a20d0211c997b44bc357e1972deab8ae3'),
(3, 'fadhil', 'sayyid', '..', '01131088747', 'fadhil', '9cf949c125e5af6dc3bb8379638be8b32058c7d9'),
(4, 'fadhil', 'sayyid', 'skudai', '0123131', 'fadhilsayyid', '9cf949c125e5af6dc3bb8379638be8b32058c7d9'),
(5, 'fadhil', 'sayyid', 'skudai', '0123131231', 'fadhil', '68008f35c84c247738e02496355ec6c945347bc2');

-- --------------------------------------------------------

--
-- Table structure for table `tblstudentquestion`
--

CREATE TABLE `tblstudentquestion` (
  `SQID` int(11) NOT NULL,
  `ExerciseID` int(11) NOT NULL,
  `LessonID` int(11) NOT NULL,
  `StudentID` int(11) NOT NULL,
  `Question` varchar(90) NOT NULL,
  `CA` varchar(90) NOT NULL,
  `CB` varchar(90) NOT NULL,
  `CC` varchar(90) NOT NULL,
  `CD` varchar(90) NOT NULL,
  `QA` varchar(90) NOT NULL
) ENGINE=InnoDB DEFAULT CHARSET=latin1;

--
-- Dumping data for table `tblstudentquestion`
--

INSERT INTO `tblstudentquestion` (`SQID`, `ExerciseID`, `LessonID`, `StudentID`, `Question`, `CA`, `CB`, `CC`, `CD`, `QA`) VALUES
(1, 20180002, 0, 1, 'Who is the name of the character in the story?', 'Ben', 'Holly', 'Gaston', 'Wise old elf', 'Gaston'),
(2, 20180002, 0, 2, 'Who is the name of the character in the story?', 'Ben', 'Holly', 'Gaston', 'Wise old elf', 'Gaston'),
(3, 20210003, 0, 1, 'What is the capital of japan?', 'Tokyo', 'Osaka', 'Kyoto', 'Hiroshima', 'Tokyo'),
(4, 20210003, 0, 2, 'What is the capital of japan?', 'Tokyo', 'Osaka', 'Kyoto', 'Hiroshima', 'Tokyo'),
(5, 20210003, 0, 3, 'What is the capital of japan?', 'Tokyo', 'Osaka', 'Kyoto', 'Hiroshima', 'Tokyo'),
(6, 20210004, 0, 1, 'How to read ”?” ?', 'A', 'O', 'U', 'E', 'A'),
(7, 20210004, 0, 2, 'How to read ”?” ?', 'A', 'O', 'U', 'E', 'A'),
(8, 20210004, 0, 3, 'How to read ”?” ?', 'A', 'O', 'U', 'E', 'A');

-- --------------------------------------------------------

--
-- Table structure for table `tblusers`
--

CREATE TABLE `tblusers` (
  `USERID` int(11) NOT NULL,
  `NAME` varchar(90) NOT NULL,
  `UEMAIL` varchar(90) NOT NULL,
  `PASS` varchar(90) NOT NULL,
  `TYPE` varchar(30) NOT NULL
) ENGINE=InnoDB DEFAULT CHARSET=latin1;

--
-- Dumping data for table `tblusers`
--

INSERT INTO `tblusers` (`USERID`, `NAME`, `UEMAIL`, `PASS`, `TYPE`) VALUES
(1, 'Fadhil', 'Fadhil', '9cf949c125e5af6dc3bb8379638be8b32058c7d9', 'Administrator');

--
-- Indexes for dumped tables
--

--
-- Indexes for table `tblautonumbers`
--
ALTER TABLE `tblautonumbers`
  ADD PRIMARY KEY (`AUTOID`);

--
-- Indexes for table `tblexercise`
--
ALTER TABLE `tblexercise`
  ADD PRIMARY KEY (`ExerciseID`);

--
-- Indexes for table `tbllesson`
--
ALTER TABLE `tbllesson`
  ADD PRIMARY KEY (`LessonID`);

--
-- Indexes for table `tblscore`
--
ALTER TABLE `tblscore`
  ADD PRIMARY KEY (`ScoreID`);

--
-- Indexes for table `tblstudent`
--
ALTER TABLE `tblstudent`
  ADD PRIMARY KEY (`StudentID`) USING BTREE;

--
-- Indexes for table `tblstudentquestion`
--
ALTER TABLE `tblstudentquestion`
  ADD PRIMARY KEY (`SQID`);

--
-- Indexes for table `tblusers`
--
ALTER TABLE `tblusers`
  ADD PRIMARY KEY (`USERID`);

--
-- AUTO_INCREMENT for dumped tables
--

--
-- AUTO_INCREMENT for table `tblautonumbers`
--
ALTER TABLE `tblautonumbers`
  MODIFY `AUTOID` int(11) NOT NULL AUTO_INCREMENT, AUTO_INCREMENT=14;

--
-- AUTO_INCREMENT for table `tblexercise`
--
ALTER TABLE `tblexercise`
  MODIFY `ExerciseID` int(11) NOT NULL AUTO_INCREMENT, AUTO_INCREMENT=20210007;

--
-- AUTO_INCREMENT for table `tbllesson`
--
ALTER TABLE `tbllesson`
  MODIFY `LessonID` int(11) NOT NULL AUTO_INCREMENT, AUTO_INCREMENT=17;

--
-- AUTO_INCREMENT for table `tblscore`
--
ALTER TABLE `tblscore`
  MODIFY `ScoreID` int(11) NOT NULL AUTO_INCREMENT, AUTO_INCREMENT=11;

--
-- AUTO_INCREMENT for table `tblstudent`
--
ALTER TABLE `tblstudent`
  MODIFY `StudentID` int(11) NOT NULL AUTO_INCREMENT, AUTO_INCREMENT=6;

--
-- AUTO_INCREMENT for table `tblstudentquestion`
--
ALTER TABLE `tblstudentquestion`
  MODIFY `SQID` int(11) NOT NULL AUTO_INCREMENT, AUTO_INCREMENT=16;

--
-- AUTO_INCREMENT for table `tblusers`
--
ALTER TABLE `tblusers`
  MODIFY `USERID` int(11) NOT NULL AUTO_INCREMENT, AUTO_INCREMENT=2;
COMMIT;

/*!40101 SET CHARACTER_SET_CLIENT=@OLD_CHARACTER_SET_CLIENT */;
/*!40101 SET CHARACTER_SET_RESULTS=@OLD_CHARACTER_SET_RESULTS */;
/*!40101 SET COLLATION_CONNECTION=@OLD_COLLATION_CONNECTION */;
